{
  "exported_object_classes": [
    "002_master_chef_can",
    "003_cracker_box",
    "004_sugar_box",
    "005_tomato_soup_can",
    "006_mustard_bottle",
    "007_tuna_fish_can",
    "008_pudding_box",
    "009_gelatin_box",
    "010_potted_meat_can",
    "011_banana",
    "019_pitcher_base",
    "021_bleach_cleanser",
    "024_bowl",
    "025_mug",
    "035_power_drill",
    "036_wood_block",
    "037_scissors",
    "040_large_marker",
    "051_large_clamp",
    "052_extra_large_clamp",
    "061_foam_brick"
  ],
  "exported_objects": [
    {
      "class": "002_master_chef_can",
      "cuboid_dimensions": [
        0.10240400314331055,
        0.140177001953125,
        0.10230899810791017
      ],
      "fixed_model_transform": [
        [
          0.8660250091552735,
          0.0,
          0.5,
          0.0
        ],
        [
          -0.5,
          0.0,
          0.8660250091552735,
          0.0
        ],
        [
          0.0,
          -1.0,
          0.0,
          0.0
        ],
        [
          0.009908000230789185,
          0.06990200042724609,
          0.01690299987792969,
          1.0
        ]
      ],
      "segmentation_class_id": 12
    },
    {
      "class": "003_cracker_box",
      "cuboid_dimensions": [
        0.16403600692749024,
        0.21343700408935548,
        0.07179999828338623
      ],
      "fixed_model_transform": [
        [
          0.0,
          0.0,
          1.0,
          0.0
        ],
        [
          -1.0,
          0.0,
          0.0,
          0.0
        ],
        [
          0.0,
          -1.0,
          0.0,
          0.0
        ],
        [
          -0.01414199948310852,
          0.1034749984741211,
          0.0128849995136261,
          1.0
        ]
      ],
      "segmentation_class_id": 24
    },
    {
      "class": "004_sugar_box",
      "cuboid_dimensions": [
        0.092677001953125,
        0.17625299453735352,
        0.04513400077819824
      ],
      "fixed_model_transform": [
        [
          -0.03487799882888794,
          0.034899001121520994,
          0.998781967163086,
          0.0
        ],
        [
          -0.9992600250244141,
          -0.017441999912261964,
          -0.03428499937057495,
          0.0
        ],
        [
          0.016224000453948974,
          -0.9992389678955078,
          0.035481998920440676,
          0.0
        ],
        [
          -0.01795199990272522,
          0.0875790023803711,
          0.0038839998841285707,
          1.0
        ]
      ],
      "segmentation_class_id": 36
    },
    {
      "class": "005_tomato_soup_can",
      "cuboid_dimensions": [
        0.06765900135040283,
        0.10185500144958497,
        0.06771399974822999
      ],
      "fixed_model_transform": [
        [
          0.9914450073242188,
          0.0,
          -0.13052599906921386,
          0.0
        ],
        [
          0.13052599906921386,
          0.0,
          0.9914450073242188,
          0.0
        ],
        [
          0.0,
          -1.0,
          0.0,
          0.0
        ],
        [
          -0.001793999969959259,
          0.05100699901580811,
          -0.08444399833679199,
          1.0
        ]
      ],
      "segmentation_class_id": 48
    },
    {
      "class": "006_mustard_bottle",
      "cuboid_dimensions": [
        0.09602399826049805,
        0.19130100250244142,
        0.05824900150299073
      ],
      "fixed_model_transform": [
        [
          0.9205049896240235,
          0.0,
          0.39073101043701175,
          0.0
        ],
        [
          -0.39073101043701175,
          0.0,
          0.9205049896240235,
          0.0
        ],
        [
          0.0,
          -1.0,
          0.0,
          0.0
        ],
        [
          0.004925999939441681,
          0.09249799728393555,
          0.027135999202728273,
          1.0
        ]
      ],
      "segmentation_class_id": 60
    },
    {
      "class": "007_tuna_fish_can",
      "cuboid_dimensions": [
        0.08555899620056152,
        0.03353800058364868,
        0.08553999900817871
      ],
      "fixed_model_transform": [
        [
          1.0,
          0.0,
          0.0,
          0.0
        ],
        [
          0.0,
          0.0,
          1.0,
          0.0
        ],
        [
          0.0,
          -1.0,
          0.0,
          0.0
        ],
        [
          0.026048998832702636,
          0.013551000356674194,
          0.022132000923156737,
          1.0
        ]
      ],
      "segmentation_class_id": 72
    },
    {
      "class": "008_pudding_box",
      "cuboid_dimensions": [
        0.11365400314331055,
        0.0898169994354248,
        0.03847100019454956
      ],
      "fixed_model_transform": [
        [
          -0.8826450347900391,
          0.46947200775146486,
          -0.023113000392913818,
          0.0
        ],
        [
          -0.4687820053100586,
          -0.8828130340576172,
          -0.02973400115966797,
          0.0
        ],
        [
          -0.03436300039291382,
          -0.015410000085830688,
          0.999291000366211,
          0.0
        ],
        [
          0.01010200023651123,
          0.016993999481201172,
          -0.01757200002670288,
          1.0
        ]
      ],
      "segmentation_class_id": 84
    },
    {
      "class": "009_gelatin_box",
      "cuboid_dimensions": [
        0.08918299674987794,
        0.07311500072479248,
        0.02998300075531006
      ],
      "fixed_model_transform": [
        [
          0.22494199752807617,
          0.9743699645996095,
          0.001962999999523163,
          0.0
        ],
        [
          -0.9743329620361328,
          0.22495100021362305,
          -0.008503000140190125,
          0.0
        ],
        [
          -0.008726999759674073,
          0.0,
          0.9999620056152344,
          0.0
        ],
        [
          -0.002906999886035919,
          0.023998000621795655,
          -0.014543999433517456,
          1.0
        ]
      ],
      "segmentation_class_id": 96
    },
    {
      "class": "010_potted_meat_can",
      "cuboid_dimensions": [
        0.1016469955444336,
        0.08354299545288087,
        0.057600998878479005
      ],
      "fixed_model_transform": [
        [
          0.9986299896240235,
          0.0,
          -0.0523360013961792,
          0.0
        ],
        [
          0.0523360013961792,
          0.0,
          0.9986299896240235,
          0.0
        ],
        [
          0.0,
          -1.0,
          0.0,
          0.0
        ],
        [
          0.03406599998474121,
          0.03858400106430054,
          0.024767000675201416,
          1.0
        ]
      ],
      "segmentation_class_id": 108
    },
    {
      "class": "011_banana",
      "cuboid_dimensions": [
        0.1971739959716797,
        0.038649001121521,
        0.07406599998474121
      ],
      "fixed_model_transform": [
        [
          -0.3639540100097656,
          -0.17364799499511718,
          0.9150869750976562,
          0.0
        ],
        [
          -0.9308769989013672,
          0.03436899900436401,
          -0.36371200561523437,
          0.0
        ],
        [
          0.03170700073242187,
          -0.9842079925537109,
          -0.17415399551391603,
          0.0
        ],
        [
          0.0003660000115633011,
          0.014974999427795411,
          0.004444999992847443,
          1.0
        ]
      ],
      "segmentation_class_id": 120
    },
    {
      "class": "019_pitcher_base",
      "cuboid_dimensions": [
        0.18861799240112306,
        0.2423870086669922,
        0.1331060028076172
      ],